periode_data,tanggal,jenis_moda,jumlah_penumpang_per_hari,hari,bulan,outlier_iqr,days_since_start,month,day_of_week
202402,2024-02-01,transjakarta,1155322.0,Thursday,2024-02,False,31,2,3
202402,2024-02-02,transjakarta,1152107.0,Friday,2024-02,False,32,2,4
202402,2024-02-03,transjakarta,801212.0,Saturday,2024-02,False,33,2,5
202402,2024-02-04,transjakarta,670195.0,Sunday,2024-02,False,34,2,6
202402,2024-02-05,transjakarta,1159398.0,Monday,2024-02,False,35,2,0
202402,2024-02-06,transjakarta,1168189.0,Tuesday,2024-02,False,36,2,1
202402,2024-02-07,transjakarta,1180123.0,Wednesday,2024-02,False,37,2,2
202402,2024-02-08,transjakarta,696518.0,Thursday,2024-02,False,38,2,3
202402,2024-02-09,transjakarta,774403.0,Friday,2024-02,False,39,2,4
202402,2024-02-10,transjakarta,683082.0,Saturday,2024-02,False,40,2,5
202402,2024-02-11,transjakarta,645873.0,Sunday,2024-02,False,41,2,6
202402,2024-02-12,transjakarta,1147300.0,Monday,2024-02,False,42,2,0
202402,2024-02-13,transjakarta,1157441.0,Tuesday,2024-02,False,43,2,1
202402,2024-02-14,transjakarta,471864.0,Wednesday,2024-02,False,44,2,2
202402,2024-02-15,transjakarta,1111148.0,Thursday,2024-02,False,45,2,3
202402,2024-02-16,transjakarta,1129816.0,Friday,2024-02,False,46,2,4
202402,2024-02-17,transjakarta,742067.0,Saturday,2024-02,False,47,2,5
202402,2024-02-18,transjakarta,649062.0,Sunday,2024-02,False,48,2,6
202402,2024-02-19,transjakarta,1173362.0,Monday,2024-02,False,49,2,0
202402,2024-02-20,transjakarta,1194157.0,Tuesday,2024-02,False,50,2,1
202402,2024-02-21,transjakarta,1200226.0,Wednesday,2024-02,False,51,2,2
202402,2024-02-22,transjakarta,1179609.0,Thursday,2024-02,False,52,2,3
202402,2024-02-23,transjakarta,1172659.0,Friday,2024-02,False,53,2,4
202402,2024-02-24,transjakarta,769879.0,Saturday,2024-02,False,54,2,5
202402,2024-02-25,transjakarta,667620.0,Sunday,2024-02,False,55,2,6
202402,2024-02-26,transjakarta,1185213.0,Monday,2024-02,False,56,2,0
202402,2024-02-27,transjakarta,1197537.0,Tuesday,2024-02,False,57,2,1
202402,2024-02-28,transjakarta,1171695.0,Wednesday,2024-02,False,58,2,2
202402,2024-02-29,transjakarta,1099316.0,Thursday,2024-02,False,59,2,3
202401,2024-01-01,transjakarta,632778.0,Monday,2024-01,False,0,1,0
202401,2024-01-02,transjakarta,1045214.0,Tuesday,2024-01,False,1,1,1
202401,2024-01-03,transjakarta,1041663.0,Wednesday,2024-01,False,2,1,2
202401,2024-01-04,transjakarta,1097752.0,Thursday,2024-01,False,3,1,3
202401,2024-01-05,transjakarta,1105303.0,Friday,2024-01,False,4,1,4
202401,2024-01-06,transjakarta,716205.0,Saturday,2024-01,False,5,1,5
202401,2024-01-07,transjakarta,624900.0,Sunday,2024-01,False,6,1,6
202401,2024-01-08,transjakarta,1137742.0,Monday,2024-01,False,7,1,0
202401,2024-01-09,transjakarta,1150147.0,Tuesday,2024-01,False,8,1,1
202401,2024-01-10,transjakarta,1147436.0,Wednesday,2024-01,False,9,1,2
202401,2024-01-11,transjakarta,1125270.0,Thursday,2024-01,False,10,1,3
202401,2024-01-12,transjakarta,1129099.0,Friday,2024-01,False,11,1,4
202401,2024-01-13,transjakarta,758105.0,Saturday,2024-01,False,12,1,5
202401,2024-01-14,transjakarta,683688.0,Sunday,2024-01,False,13,1,6
202401,2024-01-15,transjakarta,1154750.0,Monday,2024-01,False,14,1,0
202401,2024-01-16,transjakarta,1158105.0,Tuesday,2024-01,False,15,1,1
202401,2024-01-17,transjakarta,1131647.0,Wednesday,2024-01,False,16,1,2
202401,2024-01-18,transjakarta,1142880.0,Thursday,2024-01,False,17,1,3
202401,2024-01-19,transjakarta,1066005.0,Friday,2024-01,False,18,1,4
202401,2024-01-20,transjakarta,781421.0,Saturday,2024-01,False,19,1,5
202401,2024-01-21,transjakarta,651780.0,Sunday,2024-01,False,20,1,6
202401,2024-01-22,transjakarta,1157462.0,Monday,2024-01,False,21,1,0
202401,2024-01-23,transjakarta,1165510.0,Tuesday,2024-01,False,22,1,1
202401,2024-01-24,transjakarta,1168437.0,Wednesday,2024-01,False,23,1,2
202401,2024-01-25,transjakarta,1152249.0,Thursday,2024-01,False,24,1,3
202401,2024-01-26,transjakarta,1145915.0,Friday,2024-01,False,25,1,4
202401,2024-01-27,transjakarta,693411.0,Saturday,2024-01,False,26,1,5
202401,2024-01-28,transjakarta,639808.0,Sunday,2024-01,False,27,1,6
202401,2024-01-29,transjakarta,1114347.0,Monday,2024-01,False,28,1,0
202401,2024-01-30,transjakarta,1120316.0,Tuesday,2024-01,False,29,1,1
202401,2024-01-31,transjakarta,1095146.0,Wednesday,2024-01,False,30,1,2
202403,2024-03-01,transjakarta,1199898.0,Friday,2024-03,False,60,3,4
202403,2024-03-02,transjakarta,791038.0,Saturday,2024-03,False,61,3,5
202403,2024-03-03,transjakarta,703924.0,Sunday,2024-03,False,62,3,6
202403,2024-03-04,transjakarta,1209113.0,Monday,2024-03,False,63,3,0
202403,2024-03-05,transjakarta,1235499.0,Tuesday,2024-03,False,64,3,1
202403,2024-03-06,transjakarta,1235063.0,Wednesday,2024-03,False,65,3,2
202403,2024-03-07,transjakarta,1237464.0,Thursday,2024-03,False,66,3,3
202403,2024-03-08,transjakarta,1221948.0,Friday,2024-03,False,67,3,4
202403,2024-03-09,transjakarta,747057.0,Saturday,2024-03,False,68,3,5
202403,2024-03-10,transjakarta,704383.0,Sunday,2024-03,False,69,3,6
202403,2024-03-11,transjakarta,593917.0,Monday,2024-03,False,70,3,0
202403,2024-03-12,transjakarta,714500.0,Tuesday,2024-03,False,71,3,1
202403,2024-03-13,transjakarta,1100220.0,Wednesday,2024-03,False,72,3,2
202403,2024-03-14,transjakarta,1148676.0,Thursday,2024-03,False,73,3,3
202403,2024-03-15,transjakarta,1141872.0,Friday,2024-03,False,74,3,4
202403,2024-03-16,transjakarta,656466.0,Saturday,2024-03,False,75,3,5
202403,2024-03-17,transjakarta,550347.0,Sunday,2024-03,False,76,3,6
202403,2024-03-18,transjakarta,1193240.0,Monday,2024-03,False,77,3,0
202403,2024-03-19,transjakarta,1186975.0,Tuesday,2024-03,False,78,3,1
202403,2024-03-20,transjakarta,1186823.0,Wednesday,2024-03,False,79,3,2
202403,2024-03-21,transjakarta,1189852.0,Thursday,2024-03,False,80,3,3
202403,2024-03-22,transjakarta,1070739.0,Friday,2024-03,False,81,3,4
202403,2024-03-23,transjakarta,738182.0,Saturday,2024-03,False,82,3,5
202403,2024-03-24,transjakarta,602385.0,Sunday,2024-03,False,83,3,6
202403,2024-03-25,transjakarta,1189677.0,Monday,2024-03,False,84,3,0
202403,2024-03-26,transjakarta,1187533.0,Tuesday,2024-03,False,85,3,1
202403,2024-03-27,transjakarta,1188138.0,Wednesday,2024-03,False,86,3,2
202403,2024-03-28,transjakarta,1164143.0,Thursday,2024-03,False,87,3,3
202403,2024-03-29,transjakarta,662301.0,Friday,2024-03,False,88,3,4
202403,2024-03-30,transjakarta,713388.0,Saturday,2024-03,False,89,3,5
202403,2024-03-31,transjakarta,621075.0,Sunday,2024-03,False,90,3,6
202404,2024-04-01,transjakarta,1126121.0,Monday,2024-04,False,91,4,0
202404,2024-04-02,transjakarta,1159140.0,Tuesday,2024-04,False,92,4,1
202404,2024-04-03,transjakarta,1144574.0,Wednesday,2024-04,False,93,4,2
202404,2024-04-04,transjakarta,1097231.0,Thursday,2024-04,False,94,4,3
202404,2024-04-05,transjakarta,1046450.0,Friday,2024-04,False,95,4,4
202404,2024-04-06,transjakarta,696891.0,Saturday,2024-04,False,96,4,5
202404,2024-04-07,transjakarta,602737.0,Sunday,2024-04,False,97,4,6
202404,2024-04-08,transjakarta,611444.0,Monday,2024-04,False,98,4,0
202404,2024-04-09,transjakarta,495614.0,Tuesday,2024-04,False,99,4,1
202404,2024-04-11,transjakarta,481280.0,Thursday,2024-04,False,101,4,3
202404,2024-04-12,transjakarta,535906.0,Friday,2024-04,False,102,4,4
202404,2024-04-13,transjakarta,646987.0,Saturday,2024-04,False,103,4,5
202404,2024-04-14,transjakarta,622202.0,Sunday,2024-04,False,104,4,6
202404,2024-04-15,transjakarta,727403.0,Monday,2024-04,False,105,4,0
202404,2024-04-16,transjakarta,1016228.0,Tuesday,2024-04,False,106,4,1
202404,2024-04-17,transjakarta,1094937.0,Wednesday,2024-04,False,107,4,2
202404,2024-04-18,transjakarta,1126816.0,Thursday,2024-04,False,108,4,3
202404,2024-04-19,transjakarta,1134568.0,Friday,2024-04,False,109,4,4
202404,2024-04-20,transjakarta,769162.0,Saturday,2024-04,False,110,4,5
202404,2024-04-21,transjakarta,668100.0,Sunday,2024-04,False,111,4,6
202404,2024-04-22,transjakarta,1179217.0,Monday,2024-04,False,112,4,0
202404,2024-04-23,transjakarta,1189935.0,Tuesday,2024-04,False,113,4,1
202404,2024-04-24,transjakarta,1202510.0,Wednesday,2024-04,False,114,4,2
202404,2024-04-25,transjakarta,1190370.0,Thursday,2024-04,False,115,4,3
202404,2024-04-26,transjakarta,1173290.0,Friday,2024-04,False,116,4,4
202404,2024-04-27,transjakarta,783384.0,Saturday,2024-04,False,117,4,5
202404,2024-04-28,transjakarta,687410.0,Sunday,2024-04,False,118,4,6
202404,2024-04-29,transjakarta,1170658.0,Monday,2024-04,False,119,4,0
202404,2024-04-30,transjakarta,1185970.0,Tuesday,2024-04,False,120,4,1
202407,2024-07-01,transjakarta,1244563.0,Monday,2024-07,False,182,7,0
202407,2024-07-02,transjakarta,1226999.0,Tuesday,2024-07,False,183,7,1
202407,2024-07-03,transjakarta,1236399.0,Wednesday,2024-07,False,184,7,2
202407,2024-07-04,transjakarta,1220479.0,Thursday,2024-07,False,185,7,3
202407,2024-07-05,transjakarta,1212445.0,Friday,2024-07,False,186,7,4
202407,2024-07-06,transjakarta,776148.0,Saturday,2024-07,False,187,7,5
202407,2024-07-07,transjakarta,777393.0,Sunday,2024-07,False,188,7,6
202407,2024-07-08,transjakarta,1283260.0,Monday,2024-07,False,189,7,0
202407,2024-07-09,transjakarta,1292574.0,Tuesday,2024-07,False,190,7,1
202407,2024-07-10,transjakarta,1305246.0,Wednesday,2024-07,False,191,7,2
202407,2024-07-11,transjakarta,1286662.0,Thursday,2024-07,False,192,7,3
202406,2024-06-01,transjakarta,817193.0,Saturday,2024-06,False,152,6,5
202406,2024-06-02,transjakarta,730832.0,Sunday,2024-06,False,153,6,6
202406,2024-06-03,transjakarta,1236594.0,Monday,2024-06,False,154,6,0
202406,2024-06-04,transjakarta,1266654.0,Tuesday,2024-06,False,155,6,1
202406,2024-06-05,transjakarta,1276021.0,Wednesday,2024-06,False,156,6,2
202406,2024-06-06,transjakarta,1261933.0,Thursday,2024-06,False,157,6,3
202406,2024-06-07,transjakarta,1251558.0,Friday,2024-06,False,158,6,4
202406,2024-06-08,transjakarta,873156.0,Saturday,2024-06,False,159,6,5
202406,2024-06-09,transjakarta,763276.0,Sunday,2024-06,False,160,6,6
202406,2024-06-10,transjakarta,1246892.0,Monday,2024-06,False,161,6,0
202406,2024-06-11,transjakarta,1245940.0,Tuesday,2024-06,False,162,6,1
202406,2024-06-12,transjakarta,1252232.0,Wednesday,2024-06,False,163,6,2
202406,2024-06-13,transjakarta,1244140.0,Thursday,2024-06,False,164,6,3
202406,2024-06-14,transjakarta,1210476.0,Friday,2024-06,False,165,6,4
202406,2024-06-15,transjakarta,792176.0,Saturday,2024-06,False,166,6,5
202406,2024-06-16,transjakarta,650471.0,Sunday,2024-06,False,167,6,6
202406,2024-06-18,transjakarta,834190.0,Tuesday,2024-06,False,169,6,1
202406,2024-06-19,transjakarta,1211872.0,Wednesday,2024-06,False,170,6,2
202406,2024-06-20,transjakarta,1221791.0,Thursday,2024-06,False,171,6,3
202406,2024-06-21,transjakarta,1218522.0,Friday,2024-06,False,172,6,4
202406,2024-06-22,transjakarta,1061448.0,Saturday,2024-06,False,173,6,5
202406,2024-06-23,transjakarta,839257.0,Sunday,2024-06,False,174,6,6
202406,2024-06-24,transjakarta,1200013.0,Monday,2024-06,False,175,6,0
202406,2024-06-25,transjakarta,1199360.0,Tuesday,2024-06,False,176,6,1
202406,2024-06-26,transjakarta,1216516.0,Wednesday,2024-06,False,177,6,2
202406,2024-06-27,transjakarta,1197988.0,Thursday,2024-06,False,178,6,3
202406,2024-06-28,transjakarta,1183472.0,Friday,2024-06,False,179,6,4
202406,2024-06-29,transjakarta,857366.0,Saturday,2024-06,False,180,6,5
202406,2024-06-30,transjakarta,831798.0,Sunday,2024-06,False,181,6,6
202405,2024-05-01,transjakarta,685485.0,Wednesday,2024-05,False,121,5,2
202405,2024-05-02,transjakarta,1177299.0,Thursday,2024-05,False,122,5,3
202405,2024-05-03,transjakarta,1155576.0,Friday,2024-05,False,123,5,4
202405,2024-05-04,transjakarta,801713.0,Saturday,2024-05,False,124,5,5
202405,2024-05-05,transjakarta,701049.0,Sunday,2024-05,False,125,5,6
202405,2024-05-06,transjakarta,1197302.0,Monday,2024-05,False,126,5,0
202405,2024-05-07,transjakarta,1223878.0,Tuesday,2024-05,False,127,5,1
202405,2024-05-08,transjakarta,1239648.0,Wednesday,2024-05,False,128,5,2
202405,2024-05-09,transjakarta,727872.0,Thursday,2024-05,False,129,5,3
202405,2024-05-10,transjakarta,855915.0,Friday,2024-05,False,130,5,4
202405,2024-05-11,transjakarta,793188.0,Saturday,2024-05,False,131,5,5
202405,2024-05-12,transjakarta,734457.0,Sunday,2024-05,False,132,5,6
202405,2024-05-13,transjakarta,1231170.0,Monday,2024-05,False,133,5,0
202405,2024-05-14,transjakarta,1238837.0,Tuesday,2024-05,False,134,5,1
202405,2024-05-15,transjakarta,1241336.0,Wednesday,2024-05,False,135,5,2
202405,2024-05-16,transjakarta,1229401.0,Thursday,2024-05,False,136,5,3
202405,2024-05-17,transjakarta,1221876.0,Friday,2024-05,False,137,5,4
202405,2024-05-18,transjakarta,848639.0,Saturday,2024-05,False,138,5,5
202405,2024-05-19,transjakarta,730335.0,Sunday,2024-05,False,139,5,6
202405,2024-05-20,transjakarta,1238643.0,Monday,2024-05,False,140,5,0
202405,2024-05-21,transjakarta,1253256.0,Tuesday,2024-05,False,141,5,1
202405,2024-05-22,transjakarta,1251442.0,Wednesday,2024-05,False,142,5,2
202405,2024-05-23,transjakarta,703835.0,Thursday,2024-05,False,143,5,3
202405,2024-05-24,transjakarta,856274.0,Friday,2024-05,False,144,5,4
202405,2024-05-25,transjakarta,755342.0,Saturday,2024-05,False,145,5,5
202405,2024-05-26,transjakarta,726615.0,Sunday,2024-05,False,146,5,6
202405,2024-05-27,transjakarta,1230649.0,Monday,2024-05,False,147,5,0
202405,2024-05-28,transjakarta,1242030.0,Tuesday,2024-05,False,148,5,1
202405,2024-05-29,transjakarta,1246323.0,Wednesday,2024-05,False,149,5,2
202405,2024-05-30,transjakarta,1258449.0,Thursday,2024-05,False,150,5,3
202405,2024-05-31,transjakarta,1224491.0,Friday,2024-05,False,151,5,4
202408,2024-08-01,transjakarta,1194012.0,Thursday,2024-08,False,213,8,3
202408,2024-08-02,transjakarta,1183973.0,Friday,2024-08,False,214,8,4
202408,2024-08-03,transjakarta,816422.0,Saturday,2024-08,False,215,8,5
202408,2024-08-04,transjakarta,734624.0,Sunday,2024-08,False,216,8,6
202408,2024-08-05,transjakarta,1203333.0,Monday,2024-08,False,217,8,0
202408,2024-08-06,transjakarta,1214659.0,Tuesday,2024-08,False,218,8,1
202408,2024-08-07,transjakarta,1220949.0,Wednesday,2024-08,False,219,8,2
202408,2024-08-08,transjakarta,1203502.0,Thursday,2024-08,False,220,8,3
202408,2024-08-09,transjakarta,1194879.0,Friday,2024-08,False,221,8,4
202408,2024-08-10,transjakarta,844963.0,Saturday,2024-08,False,222,8,5
202408,2024-08-11,transjakarta,716675.0,Sunday,2024-08,False,223,8,6
202408,2024-08-12,transjakarta,1211907.0,Monday,2024-08,False,224,8,0
202408,2024-08-13,transjakarta,1211945.0,Tuesday,2024-08,False,225,8,1
202408,2024-08-14,transjakarta,1212880.0,Wednesday,2024-08,False,226,8,2
202408,2024-08-15,transjakarta,1208950.0,Thursday,2024-08,False,227,8,3
202408,2024-08-16,transjakarta,1188224.0,Friday,2024-08,False,228,8,4
202408,2024-08-17,transjakarta,679144.0,Saturday,2024-08,False,229,8,5
202408,2024-08-18,transjakarta,668117.0,Sunday,2024-08,False,230,8,6
202408,2024-08-19,transjakarta,1191066.0,Monday,2024-08,False,231,8,0
202408,2024-08-20,transjakarta,1206892.0,Tuesday,2024-08,False,232,8,1
202408,2024-08-21,transjakarta,1205268.0,Wednesday,2024-08,False,233,8,2
202408,2024-08-22,transjakarta,1156801.0,Thursday,2024-08,False,234,8,3
202408,2024-08-23,transjakarta,1166376.0,Friday,2024-08,False,235,8,4
202408,2024-08-24,transjakarta,807203.0,Saturday,2024-08,False,236,8,5
202408,2024-08-25,transjakarta,688923.0,Sunday,2024-08,False,237,8,6
202408,2024-08-26,transjakarta,1192724.0,Monday,2024-08,False,238,8,0
202408,2024-08-27,transjakarta,1189453.0,Tuesday,2024-08,False,239,8,1
202408,2024-08-28,transjakarta,1197570.0,Wednesday,2024-08,False,240,8,2
202408,2024-08-29,transjakarta,1198227.0,Thursday,2024-08,False,241,8,3
202408,2024-08-30,transjakarta,1186687.0,Friday,2024-08,False,242,8,4
202408,2024-08-31,transjakarta,816674.0,Saturday,2024-08,False,243,8,5
202409,2024-09-01,transjakarta,721484.0,Sunday,2024-09,False,244,9,6
202409,2024-09-02,transjakarta,1217566.0,Monday,2024-09,False,245,9,0
202409,2024-09-03,transjakarta,1234771.0,Tuesday,2024-09,False,246,9,1
202409,2024-09-04,transjakarta,1236669.0,Wednesday,2024-09,False,247,9,2
202409,2024-09-05,transjakarta,1152458.0,Thursday,2024-09,False,248,9,3
202409,2024-09-06,transjakarta,1217648.0,Friday,2024-09,False,249,9,4
202409,2024-09-07,transjakarta,838530.0,Saturday,2024-09,False,250,9,5
202409,2024-09-08,transjakarta,725987.0,Sunday,2024-09,False,251,9,6
202409,2024-09-09,transjakarta,1230991.0,Monday,2024-09,False,252,9,0
202409,2024-09-10,transjakarta,1260472.0,Tuesday,2024-09,False,253,9,1
202409,2024-09-11,transjakarta,1256540.0,Wednesday,2024-09,False,254,9,2
202409,2024-09-12,transjakarta,1233892.0,Thursday,2024-09,False,255,9,3
202409,2024-09-13,transjakarta,1221378.0,Friday,2024-09,False,256,9,4
202409,2024-09-14,transjakarta,836400.0,Saturday,2024-09,False,257,9,5
202409,2024-09-15,transjakarta,765475.0,Sunday,2024-09,False,258,9,6
202409,2024-09-16,transjakarta,660261.0,Monday,2024-09,False,259,9,0
202409,2024-09-17,transjakarta,1251157.0,Tuesday,2024-09,False,260,9,1
202409,2024-09-18,transjakarta,1257177.0,Wednesday,2024-09,False,261,9,2
202409,2024-09-19,transjakarta,1244219.0,Thursday,2024-09,False,262,9,3
202409,2024-09-20,transjakarta,1230571.0,Friday,2024-09,False,263,9,4
202409,2024-09-21,transjakarta,852906.0,Saturday,2024-09,False,264,9,5
202409,2024-09-22,transjakarta,707485.0,Sunday,2024-09,False,265,9,6
202409,2024-09-23,transjakarta,1256936.0,Monday,2024-09,False,266,9,0
202409,2024-09-24,transjakarta,1253417.0,Tuesday,2024-09,False,267,9,1
202409,2024-09-25,transjakarta,1252497.0,Wednesday,2024-09,False,268,9,2
202409,2024-09-26,transjakarta,1247542.0,Thursday,2024-09,False,269,9,3
202409,2024-09-27,transjakarta,1245314.0,Friday,2024-09,False,270,9,4
202409,2024-09-28,transjakarta,852470.0,Saturday,2024-09,False,271,9,5
202409,2024-09-29,transjakarta,723329.0,Sunday,2024-09,False,272,9,6
202409,2024-09-30,transjakarta,1208628.0,Monday,2024-09,False,273,9,0
202407,2024-07-12,transjakarta,1271509.0,Friday,2024-07,False,193,7,4
202407,2024-07-13,transjakarta,889996.0,Saturday,2024-07,False,194,7,5
202407,2024-07-14,transjakarta,785446.0,Sunday,2024-07,False,195,7,6
202407,2024-07-15,transjakarta,1258572.0,Monday,2024-07,False,196,7,0
202407,2024-07-16,transjakarta,1280153.0,Tuesday,2024-07,False,197,7,1
202407,2024-07-17,transjakarta,1288218.0,Wednesday,2024-07,False,198,7,2
202407,2024-07-18,transjakarta,1281265.0,Thursday,2024-07,False,199,7,3
202407,2024-07-19,transjakarta,1253052.0,Friday,2024-07,False,200,7,4
202407,2024-07-20,transjakarta,870343.0,Saturday,2024-07,False,201,7,5
202407,2024-07-21,transjakarta,758137.0,Sunday,2024-07,False,202,7,6
202407,2024-07-22,transjakarta,1274935.0,Monday,2024-07,False,203,7,0
202407,2024-07-23,transjakarta,1278577.0,Tuesday,2024-07,False,204,7,1
202407,2024-07-24,transjakarta,1284841.0,Wednesday,2024-07,False,205,7,2
202407,2024-07-25,transjakarta,1277410.0,Thursday,2024-07,False,206,7,3
202407,2024-07-26,transjakarta,1261844.0,Friday,2024-07,False,207,7,4
202407,2024-07-27,transjakarta,878490.0,Saturday,2024-07,False,208,7,5
202407,2024-07-28,transjakarta,770013.0,Sunday,2024-07,False,209,7,6
202407,2024-07-29,transjakarta,1267265.0,Monday,2024-07,False,210,7,0
202407,2024-07-30,transjakarta,1139307.0,Tuesday,2024-07,False,211,7,1
202407,2024-07-31,transjakarta,1271800.0,Wednesday,2024-07,False,212,7,2
202411,2024-11-01,transjakarta,1270928.0,Friday,2024-11,False,305,11,4
202411,2024-11-02,transjakarta,838120.0,Saturday,2024-11,False,306,11,5
202411,2024-11-03,transjakarta,722649.0,Sunday,2024-11,False,307,11,6
202411,2024-11-04,transjakarta,1274215.0,Monday,2024-11,False,308,11,0
202411,2024-11-05,transjakarta,1274965.0,Tuesday,2024-11,False,309,11,1
202411,2024-11-06,transjakarta,1297515.0,Wednesday,2024-11,False,310,11,2
202411,2024-11-07,transjakarta,1282074.0,Thursday,2024-11,False,311,11,3
202411,2024-11-08,transjakarta,1270243.0,Friday,2024-11,False,312,11,4
202411,2024-11-09,transjakarta,847431.0,Saturday,2024-11,False,313,11,5
202411,2024-11-10,transjakarta,760399.0,Sunday,2024-11,False,314,11,6
202411,2024-11-12,transjakarta,1285172.0,Tuesday,2024-11,False,316,11,1
202411,2024-11-13,transjakarta,1302317.0,Wednesday,2024-11,False,317,11,2
202411,2024-11-14,transjakarta,1297904.0,Thursday,2024-11,False,318,11,3
202411,2024-11-15,transjakarta,1281162.0,Friday,2024-11,False,319,11,4
202411,2024-11-16,transjakarta,820681.0,Saturday,2024-11,False,320,11,5
202411,2024-11-17,transjakarta,733035.0,Sunday,2024-11,False,321,11,6
202411,2024-11-18,transjakarta,1279311.0,Monday,2024-11,False,322,11,0
202411,2024-11-19,transjakarta,1288450.0,Tuesday,2024-11,False,323,11,1
202411,2024-11-20,transjakarta,1289630.0,Wednesday,2024-11,False,324,11,2
202411,2024-11-21,transjakarta,1279041.0,Thursday,2024-11,False,325,11,3
202411,2024-11-22,transjakarta,1273209.0,Friday,2024-11,False,326,11,4
202411,2024-11-23,transjakarta,844165.0,Saturday,2024-11,False,327,11,5
202411,2024-11-24,transjakarta,710816.0,Sunday,2024-11,False,328,11,6
202411,2024-11-25,transjakarta,1293081.0,Monday,2024-11,False,329,11,0
202411,2024-11-26,transjakarta,1289944.0,Tuesday,2024-11,False,330,11,1
202411,2024-11-27,transjakarta,520376.0,Wednesday,2024-11,False,331,11,2
202411,2024-11-28,transjakarta,1304509.0,Thursday,2024-11,False,332,11,3
202411,2024-11-29,transjakarta,1279317.0,Friday,2024-11,False,333,11,4
202411,2024-11-30,transjakarta,871359.0,Saturday,2024-11,False,334,11,5
202410,2024-10-01,transjakarta,1266952.0,Tuesday,2024-10,False,274,10,1
202410,2024-10-02,transjakarta,1270431.0,Wednesday,2024-10,False,275,10,2
202410,2024-10-03,transjakarta,1277329.0,Thursday,2024-10,False,276,10,3
202410,2024-10-04,transjakarta,1260559.0,Friday,2024-10,False,277,10,4
202410,2024-10-05,transjakarta,1073938.0,Saturday,2024-10,False,278,10,5
202410,2024-10-06,transjakarta,759123.0,Sunday,2024-10,False,279,10,6
202410,2024-10-07,transjakarta,1255388.0,Monday,2024-10,False,280,10,0
202410,2024-10-08,transjakarta,1269771.0,Tuesday,2024-10,False,281,10,1
202410,2024-10-09,transjakarta,1268531.0,Wednesday,2024-10,False,282,10,2
202410,2024-10-10,transjakarta,1252211.0,Thursday,2024-10,False,283,10,3
202410,2024-10-11,transjakarta,1241870.0,Friday,2024-10,False,284,10,4
202410,2024-10-12,transjakarta,840623.0,Saturday,2024-10,False,285,10,5
202410,2024-10-13,transjakarta,702513.0,Sunday,2024-10,False,286,10,6
202410,2024-10-14,transjakarta,1247873.0,Monday,2024-10,False,287,10,0
202410,2024-10-15,transjakarta,1262557.0,Tuesday,2024-10,False,288,10,1
202410,2024-10-16,transjakarta,1278961.0,Wednesday,2024-10,False,289,10,2
202410,2024-10-17,transjakarta,1279512.0,Thursday,2024-10,False,290,10,3
202410,2024-10-18,transjakarta,1261442.0,Friday,2024-10,False,291,10,4
202410,2024-10-19,transjakarta,853466.0,Saturday,2024-10,False,292,10,5
202410,2024-10-20,transjakarta,758392.0,Sunday,2024-10,False,293,10,6
202410,2024-10-21,transjakarta,1269359.0,Monday,2024-10,False,294,10,0
202410,2024-10-22,transjakarta,1272359.0,Tuesday,2024-10,False,295,10,1
202410,2024-10-23,transjakarta,1284678.0,Wednesday,2024-10,False,296,10,2
202410,2024-10-24,transjakarta,1258016.0,Thursday,2024-10,False,297,10,3
202410,2024-10-25,transjakarta,1242056.0,Friday,2024-10,False,298,10,4
202410,2024-10-26,transjakarta,849281.0,Saturday,2024-10,False,299,10,5
202410,2024-10-27,transjakarta,718718.0,Sunday,2024-10,False,300,10,6
202410,2024-10-28,transjakarta,1253303.0,Monday,2024-10,False,301,10,0
202410,2024-10-29,transjakarta,1275282.0,Tuesday,2024-10,False,302,10,1
202410,2024-10-30,transjakarta,1278232.0,Wednesday,2024-10,False,303,10,2
202410,2024-10-31,transjakarta,1263754.0,Thursday,2024-10,False,304,10,3
202501,2025-01-28,transjakarta,755202.0,Tuesday,2025-01,False,393,1,1
202501,2025-01-29,transjakarta,568442.0,Wednesday,2025-01,False,394,1,2
202501,2025-01-30,transjakarta,1180302.0,Thursday,2025-01,False,395,1,3
202501,2025-01-31,transjakarta,1189569.0,Friday,2025-01,False,396,1,4
202501,2025-01-01,transjakarta,779918.0,Wednesday,2025-01,False,366,1,2
202501,2025-01-02,transjakarta,1110609.0,Thursday,2025-01,False,367,1,3
202501,2025-01-03,transjakarta,1119454.0,Friday,2025-01,False,368,1,4
202501,2025-01-04,transjakarta,834632.0,Saturday,2025-01,False,369,1,5
202501,2025-01-05,transjakarta,695032.0,Sunday,2025-01,False,370,1,6
202501,2025-01-06,transjakarta,1260068.0,Monday,2025-01,False,371,1,0
202501,2025-01-07,transjakarta,1267067.0,Tuesday,2025-01,False,372,1,1
202501,2025-01-08,transjakarta,1244752.0,Wednesday,2025-01,False,373,1,2
202501,2025-01-09,transjakarta,1182641.0,Thursday,2025-01,False,374,1,3
202501,2025-01-10,transjakarta,1271606.0,Friday,2025-01,False,375,1,4
202501,2025-01-11,transjakarta,831621.0,Saturday,2025-01,False,376,1,5
202501,2025-01-12,transjakarta,733658.0,Sunday,2025-01,False,377,1,6
202501,2025-01-13,transjakarta,1271950.0,Monday,2025-01,False,378,1,0
202501,2025-01-14,transjakarta,1242482.0,Tuesday,2025-01,False,379,1,1
202501,2025-01-15,transjakarta,1264235.0,Wednesday,2025-01,False,380,1,2
202501,2025-01-16,transjakarta,1251190.0,Thursday,2025-01,False,381,1,3
202501,2025-01-17,transjakarta,1227255.0,Friday,2025-01,False,382,1,4
202501,2025-01-18,transjakarta,827346.0,Saturday,2025-01,False,383,1,5
202501,2025-01-19,transjakarta,716849.0,Sunday,2025-01,False,384,1,6
202501,2025-01-20,transjakarta,1208413.0,Monday,2025-01,False,385,1,0
202501,2025-01-21,transjakarta,1200611.0,Tuesday,2025-01,False,386,1,1
202501,2025-01-22,transjakarta,1239110.0,Wednesday,2025-01,False,387,1,2
202501,2025-01-23,transjakarta,1227176.0,Thursday,2025-01,False,388,1,3
202501,2025-01-24,transjakarta,1214133.0,Friday,2025-01,False,389,1,4
202501,2025-01-25,transjakarta,827797.0,Saturday,2025-01,False,390,1,5
202501,2025-01-26,transjakarta,760449.0,Sunday,2025-01,False,391,1,6
202501,2025-01-27,transjakarta,723459.0,Monday,2025-01,False,392,1,0
202412,2024-12-01,transjakarta,745336.0,Sunday,2024-12,False,335,12,6
202412,2024-12-02,transjakarta,1295869.0,Monday,2024-12,False,336,12,0
202412,2024-12-03,transjakarta,1307318.0,Tuesday,2024-12,False,337,12,1
202412,2024-12-04,transjakarta,1301816.0,Wednesday,2024-12,False,338,12,2
202412,2024-12-05,transjakarta,1292948.0,Thursday,2024-12,False,339,12,3
202412,2024-12-06,transjakarta,1299581.0,Friday,2024-12,False,340,12,4
202412,2024-12-07,transjakarta,838861.0,Saturday,2024-12,False,341,12,5
202412,2024-12-08,transjakarta,738142.0,Sunday,2024-12,False,342,12,6
202412,2024-12-09,transjakarta,1235851.0,Monday,2024-12,False,343,12,0
202412,2024-12-10,transjakarta,1302441.0,Tuesday,2024-12,False,344,12,1
202412,2024-12-11,transjakarta,1297867.0,Wednesday,2024-12,False,345,12,2
202412,2024-12-12,transjakarta,1293693.0,Thursday,2024-12,False,346,12,3
202412,2024-12-13,transjakarta,1239271.0,Friday,2024-12,False,347,12,4
202412,2024-12-14,transjakarta,858296.0,Saturday,2024-12,False,348,12,5
202412,2024-12-15,transjakarta,725931.0,Sunday,2024-12,False,349,12,6
202412,2024-12-16,transjakarta,1249724.0,Monday,2024-12,False,350,12,0
202412,2024-12-17,transjakarta,1238341.0,Tuesday,2024-12,False,351,12,1
202412,2024-12-18,transjakarta,1251735.0,Wednesday,2024-12,False,352,12,2
202412,2024-12-19,transjakarta,1214369.0,Thursday,2024-12,False,353,12,3
202412,2024-12-20,transjakarta,1225247.0,Friday,2024-12,False,354,12,4
202412,2024-12-21,transjakarta,866515.0,Saturday,2024-12,False,355,12,5
202412,2024-12-22,transjakarta,728871.0,Sunday,2024-12,False,356,12,6
202412,2024-12-23,transjakarta,1115662.0,Monday,2024-12,False,357,12,0
202412,2024-12-24,transjakarta,1103916.0,Tuesday,2024-12,False,358,12,1
202412,2024-12-25,transjakarta,696747.0,Wednesday,2024-12,False,359,12,2
202412,2024-12-26,transjakarta,842094.0,Thursday,2024-12,False,360,12,3
202412,2024-12-27,transjakarta,1055174.0,Friday,2024-12,False,361,12,4
202412,2024-12-28,transjakarta,852428.0,Saturday,2024-12,False,362,12,5
202412,2024-12-29,transjakarta,799846.0,Sunday,2024-12,False,363,12,6
202412,2024-12-30,transjakarta,1071256.0,Monday,2024-12,False,364,12,0
202412,2024-12-31,transjakarta,1056165.0,Tuesday,2024-12,False,365,12,1
202504,2025-04-01,transjakarta,470704.0,Tuesday,2025-04,False,456,4,1
202504,2025-04-02,transjakarta,585309.0,Wednesday,2025-04,False,457,4,2
202504,2025-04-03,transjakarta,645380.0,Thursday,2025-04,False,458,4,3
202504,2025-04-04,transjakarta,636147.0,Friday,2025-04,False,459,4,4
202504,2025-04-05,transjakarta,626249.0,Saturday,2025-04,False,460,4,5
202504,2025-04-06,transjakarta,613212.0,Sunday,2025-04,False,461,4,6
202504,2025-04-07,transjakarta,837524.0,Monday,2025-04,False,462,4,0
202504,2025-04-08,transjakarta,1108118.0,Tuesday,2025-04,False,463,4,1
202503,2025-03-01,transjakarta,658792.0,Saturday,2025-03,False,425,3,5
202503,2025-03-02,transjakarta,578722.0,Sunday,2025-03,False,426,3,6
202503,2025-03-03,transjakarta,1127297.0,Monday,2025-03,False,427,3,0
202503,2025-03-04,transjakarta,1087924.0,Tuesday,2025-03,False,428,3,1
202503,2025-03-05,transjakarta,1137850.0,Wednesday,2025-03,False,429,3,2
202503,2025-03-06,transjakarta,1223129.0,Thursday,2025-03,False,430,3,3
202503,2025-03-07,transjakarta,1216125.0,Friday,2025-03,False,431,3,4
202503,2025-03-08,transjakarta,737612.0,Saturday,2025-03,False,432,3,5
202503,2025-03-09,transjakarta,638366.0,Sunday,2025-03,False,433,3,6
202503,2025-03-10,transjakarta,1246992.0,Monday,2025-03,False,434,3,0
202503,2025-03-11,transjakarta,1226610.0,Tuesday,2025-03,False,435,3,1
202503,2025-03-12,transjakarta,1244558.0,Wednesday,2025-03,False,436,3,2
202503,2025-03-13,transjakarta,1237228.0,Thursday,2025-03,False,437,3,3
202503,2025-03-14,transjakarta,1215471.0,Friday,2025-03,False,438,3,4
202503,2025-03-15,transjakarta,788490.0,Saturday,2025-03,False,439,3,5
202503,2025-03-16,transjakarta,667759.0,Sunday,2025-03,False,440,3,6
202503,2025-03-17,transjakarta,1228929.0,Monday,2025-03,False,441,3,0
202503,2025-03-18,transjakarta,1217714.0,Tuesday,2025-03,False,442,3,1
202503,2025-03-19,transjakarta,1230666.0,Wednesday,2025-03,False,443,3,2
202503,2025-03-20,transjakarta,1222371.0,Thursday,2025-03,False,444,3,3
202503,2025-03-21,transjakarta,1138247.0,Friday,2025-03,False,445,3,4
202503,2025-03-22,transjakarta,780009.0,Saturday,2025-03,False,446,3,5
202503,2025-03-23,transjakarta,696379.0,Sunday,2025-03,False,447,3,6
202503,2025-03-24,transjakarta,1096894.0,Monday,2025-03,False,448,3,0
202503,2025-03-25,transjakarta,1091617.0,Tuesday,2025-03,False,449,3,1
202503,2025-03-26,transjakarta,1045956.0,Wednesday,2025-03,False,450,3,2
202503,2025-03-27,transjakarta,960596.0,Thursday,2025-03,False,451,3,3
202503,2025-03-28,transjakarta,735368.0,Friday,2025-03,False,452,3,4
202503,2025-03-29,transjakarta,559474.0,Saturday,2025-03,False,453,3,5
202503,2025-03-30,transjakarta,470514.0,Sunday,2025-03,False,454,3,6
202502,2025-02-01,transjakarta,842963.0,Saturday,2025-02,False,397,2,5
202502,2025-02-02,transjakarta,737991.0,Sunday,2025-02,False,398,2,6
202502,2025-02-03,transjakarta,1244612.0,Monday,2025-02,False,399,2,0
202502,2025-02-04,transjakarta,1249487.0,Tuesday,2025-02,False,400,2,1
202502,2025-02-05,transjakarta,1270266.0,Wednesday,2025-02,False,401,2,2
202502,2025-02-06,transjakarta,1247225.0,Thursday,2025-02,False,402,2,3
202502,2025-02-07,transjakarta,1256503.0,Friday,2025-02,False,403,2,4
202502,2025-02-08,transjakarta,858386.0,Saturday,2025-02,False,404,2,5
202502,2025-02-09,transjakarta,753348.0,Sunday,2025-02,False,405,2,6
202502,2025-02-10,transjakarta,1241866.0,Monday,2025-02,False,406,2,0
202502,2025-02-11,transjakarta,1269414.0,Tuesday,2025-02,False,407,2,1
202502,2025-02-12,transjakarta,1266805.0,Wednesday,2025-02,False,408,2,2
202502,2025-02-13,transjakarta,1246674.0,Thursday,2025-02,False,409,2,3
202502,2025-02-14,transjakarta,1252179.0,Friday,2025-02,False,410,2,4
202502,2025-02-15,transjakarta,886091.0,Saturday,2025-02,False,411,2,5
202502,2025-02-16,transjakarta,753394.0,Sunday,2025-02,False,412,2,6
202502,2025-02-17,transjakarta,1237787.0,Monday,2025-02,False,413,2,0
202502,2025-02-18,transjakarta,1266175.0,Tuesday,2025-02,False,414,2,1
202502,2025-02-19,transjakarta,1260001.0,Wednesday,2025-02,False,415,2,2
202502,2025-02-20,transjakarta,1267677.0,Thursday,2025-02,False,416,2,3
202502,2025-02-21,transjakarta,1254926.0,Friday,2025-02,False,417,2,4
202502,2025-02-22,transjakarta,846725.0,Saturday,2025-02,False,418,2,5
202502,2025-02-23,transjakarta,760530.0,Sunday,2025-02,False,419,2,6
202502,2025-02-24,transjakarta,1255985.0,Monday,2025-02,False,420,2,0
202502,2025-02-25,transjakarta,1281324.0,Tuesday,2025-02,False,421,2,1
202502,2025-02-26,transjakarta,1288639.0,Wednesday,2025-02,False,422,2,2
202502,2025-02-27,transjakarta,1228704.0,Thursday,2025-02,False,423,2,3
202502,2025-02-28,transjakarta,1174769.0,Friday,2025-02,False,424,2,4
202505,2025-05-01,transjakarta,748174.0,Thursday,2025-05,False,486,5,3
202505,2025-05-02,transjakarta,1262678.0,Friday,2025-05,False,487,5,4
202505,2025-05-03,transjakarta,863071.0,Saturday,2025-05,False,488,5,5
202505,2025-05-04,transjakarta,782847.0,Sunday,2025-05,False,489,5,6
202505,2025-05-05,transjakarta,1275665.0,Monday,2025-05,False,490,5,0
202505,2025-05-06,transjakarta,1294039.0,Tuesday,2025-05,False,491,5,1
202505,2025-05-07,transjakarta,1316928.0,Wednesday,2025-05,False,492,5,2
202505,2025-05-08,transjakarta,1277199.0,Thursday,2025-05,False,493,5,3
202505,2025-05-09,transjakarta,1269445.0,Friday,2025-05,False,494,5,4
202505,2025-05-10,transjakarta,858346.0,Saturday,2025-05,False,495,5,5
202505,2025-05-11,transjakarta,822929.0,Sunday,2025-05,False,496,5,6
202505,2025-05-12,transjakarta,768663.0,Monday,2025-05,False,497,5,0
202505,2025-05-13,transjakarta,925861.0,Tuesday,2025-05,False,498,5,1
202505,2025-05-14,transjakarta,1328655.0,Wednesday,2025-05,False,499,5,2
202505,2025-05-15,transjakarta,1286540.0,Thursday,2025-05,False,500,5,3
202505,2025-05-16,transjakarta,1255977.0,Friday,2025-05,False,501,5,4
202505,2025-05-17,transjakarta,826793.0,Saturday,2025-05,False,502,5,5
202505,2025-05-18,transjakarta,754368.0,Sunday,2025-05,False,503,5,6
202505,2025-05-19,transjakarta,1278431.0,Monday,2025-05,False,504,5,0
202505,2025-05-20,transjakarta,1281428.0,Tuesday,2025-05,False,505,5,1
202505,2025-05-21,transjakarta,1270173.0,Wednesday,2025-05,False,506,5,2
202505,2025-05-22,transjakarta,1278104.0,Thursday,2025-05,False,507,5,3
202505,2025-05-23,transjakarta,1241706.0,Friday,2025-05,False,508,5,4
202505,2025-05-24,transjakarta,877559.0,Saturday,2025-05,False,509,5,5
202505,2025-05-25,transjakarta,745212.0,Sunday,2025-05,False,510,5,6
202505,2025-05-26,transjakarta,1259567.0,Monday,2025-05,False,511,5,0
202505,2025-05-27,transjakarta,1288374.0,Tuesday,2025-05,False,512,5,1
202505,2025-05-28,transjakarta,1310859.0,Wednesday,2025-05,False,513,5,2
202505,2025-05-29,transjakarta,750000.0,Thursday,2025-05,False,514,5,3
202505,2025-05-30,transjakarta,911670.0,Friday,2025-05,False,515,5,4
202505,2025-05-31,transjakarta,851938.0,Saturday,2025-05,False,516,5,5
202504,2025-04-09,transjakarta,1209922.0,Wednesday,2025-04,False,464,4,2
202504,2025-04-10,transjakarta,1206762.0,Thursday,2025-04,False,465,4,3
202504,2025-04-11,transjakarta,1197542.0,Friday,2025-04,False,466,4,4
202504,2025-04-12,transjakarta,816855.0,Saturday,2025-04,False,467,4,5
202504,2025-04-13,transjakarta,700777.0,Sunday,2025-04,False,468,4,6
202504,2025-04-14,transjakarta,1251336.0,Monday,2025-04,False,469,4,0
202504,2025-04-15,transjakarta,1261057.0,Tuesday,2025-04,False,470,4,1
202504,2025-04-16,transjakarta,1257314.0,Wednesday,2025-04,False,471,4,2
202504,2025-04-17,transjakarta,1196936.0,Thursday,2025-04,False,472,4,3
202504,2025-04-18,transjakarta,720829.0,Friday,2025-04,False,473,4,4
202504,2025-04-19,transjakarta,829009.0,Saturday,2025-04,False,474,4,5
202504,2025-04-20,transjakarta,728273.0,Sunday,2025-04,False,475,4,6
202504,2025-04-21,transjakarta,1324828.0,Monday,2025-04,False,476,4,0
202504,2025-04-22,transjakarta,1262474.0,Tuesday,2025-04,False,477,4,1
202504,2025-04-23,transjakarta,1274779.0,Wednesday,2025-04,False,478,4,2
202504,2025-04-24,transjakarta,1352612.0,Thursday,2025-04,False,479,4,3
202504,2025-04-25,transjakarta,1260594.0,Friday,2025-04,False,480,4,4
202504,2025-04-26,transjakarta,908279.0,Saturday,2025-04,False,481,4,5
202504,2025-04-27,transjakarta,814411.0,Sunday,2025-04,False,482,4,6
202504,2025-04-28,transjakarta,1272755.0,Monday,2025-04,False,483,4,0
202504,2025-04-29,transjakarta,1223516.0,Tuesday,2025-04,False,484,4,1
202504,2025-04-30,transjakarta,1163918.0,Wednesday,2025-04,False,485,4,2
